emisor,anio,ingresos,utilidad_operacional,dya,intereses,utilidad_neta,deuda,caja,activos,activo_corriente,pasivo_corriente,patrimonio,flujo_operativo,deuda_corto_plazo,intereses_pagados,impuestos_pagados,capex,dividendos_pagados,utilidades_retenidas,goodwill,intangibles,pasivo_total,activos_tangibles
CELSIA,2015,3.69,0.36,0.31,0.26,-0.05,4.29,0.43,10.31,1.54,2.57,4.38,0.26,1.58,0.21,0.26,0.22,0.21,0.2276,0.9351,0.3657,5.9312,9.0092
CELSIA,2016,3.79,0.64,0.36,0.36,0.17,4.05,0.37,9.74,1.11,1.08,4.39,0.32,0.51,0.31,0.21,0.37,0.11,0.0709,0.9088,0.3816,5.3492,8.4496
CELSIA,2017,3.09,0.76,0.35,0.33,0.25,3.92,0.17,9.83,1.0,1.33,4.44,0.68,0.58,0.29,0.17,0.55,0.17,-0.0057,0.9059,0.3537,5.3934,8.5704
CELSIA,2018,3.42,0.77,0.35,0.29,0.35,3.63,0.44,10.69,1.38,1.68,5.4,0.8,0.67,0.24,0.18,0.69,0.21,-0.0298,0.9527,0.3575,5.2875,9.3798
CELSIA,2019,3.73,1.35,0.41,0.42,0.6,3.96,0.38,11.38,1.76,1.7,5.67,0.77,0.59,0.29,0.21,0.82,0.29,-0.0298,0.9315,0.3708,5.7037,10.0777
CELSIA,2020,3.54,0.88,0.38,0.35,0.34,3.87,0.4,11.81,1.43,2.06,5.74,1.19,0.48,0.28,0.25,0.97,0.34,0.323,0.9589,0.3537,6.07,10.4974
CELSIA,2021,4.11,0.92,0.4,0.32,0.54,4.47,0.25,12.68,1.33,1.67,6.32,1.33,0.49,0.25,0.21,1.64,0.41,0.2673,0.9868,0.3235,6.3596,11.3697
CELSIA,2022,5.58,1.32,0.43,0.63,0.44,4.78,0.21,14.93,4.57,3.26,6.7,1.24,0.5,0.45,0.32,2.08,0.4,0.2575,0.3038,0.1318,8.2366,14.494399999999999
CELSIA,2023,6.23,1.37,0.38,0.87,0.35,4.99,0.56,13.75,2.63,3.64,5.52,1.79,1.0,0.75,0.32,1.22,0.37,0.2808,0.2481,0.1206,8.2381,13.3813
CELSIA,2024,6.81,1.04,0.41,0.69,0.34,5.58,0.22,15.11,3.56,5.19,5.39,1.66,1.68,0.64,0.16,1.75,0.4,0.2487,0.2481,0.183,9.719,14.678899999999999
CELSIA,2025,5.4,1.17,0.44,0.68,0.36,5.01,0.28,14.2,2.29,3.03,5.16,2.02,1.08,0.6,0.18,1.33,0.29,-0.1501,0.2481,0.2336,9.0366,13.7183
ENEL,2015,3.23,1.56,0.16,0.19,0.89,3.69,0.3,8.84,0.77,1.57,3.56,1.09,0.61,0.32,0.48,0.68,1.05,1.4783,0.0,0.0903,5.2817,8.7497
ENEL,2016,3.49,1.68,0.18,0.49,0.75,4.2,0.62,9.04,0.87,1.28,3.5,1.58,0.46,0.45,0.46,0.31,0.8,1.4697,0.0,0.1006,5.5415,8.9394
ENEL,2017,3.4,1.81,0.2,0.38,0.89,3.98,0.56,9.03,0.98,1.2,3.85,1.51,0.46,0.37,0.42,0.32,0.6,1.6232,0.0,0.0743,5.1802,8.9557
ENEL,2018,3.67,1.87,0.2,0.32,1.02,3.68,0.64,9.25,1.1,1.67,4.24,1.86,0.76,0.31,0.47,0.26,0.6,1.8837,0.0,0.0798,5.0115,9.1702
ENEL,2019,4.07,2.09,0.22,0.29,1.23,3.01,0.29,9.12,0.83,1.28,4.74,1.64,0.33,0.27,0.48,0.35,0.7,2.1822,0.0,0.107,4.377,9.013
ENEL,2020,4.25,2.24,0.23,0.28,1.28,2.76,0.82,9.5,1.21,1.96,5.16,2.04,0.91,0.22,0.64,0.31,0.83,2.5833,0.0,0.1111,4.3389,9.3889
ENEL,2021,4.72,2.7,0.24,0.18,1.71,1.89,0.21,9.04,0.67,1.52,5.1,2.29,0.63,0.23,0.67,0.3,1.99,2.0961,0.0,0.1866,3.9348,8.853399999999999
ENEL,2022,12.1,5.08,0.86,0.77,2.96,3.95,1.22,29.66,4.73,5.43,16.31,4.86,1.53,0.62,1.24,2.77,3.66,3.138,0.1357,2.054,13.3499,27.4703
ENEL,2023,16.6,4.9,1.03,1.52,1.95,3.91,1.63,29.6,5.45,6.63,13.97,4.56,2.18,1.01,1.97,2.81,2.81,3.2903,0.1078,1.4993,15.6295,27.9929
ENEL,2024,16.93,4.61,1.13,1.21,2.36,3.02,1.26,30.9,4.6,5.31,15.24,4.2,2.04,1.1,1.56,2.4,1.85,3.4901,0.1244,1.3816,15.6546,29.394
ENEL,2025,15.9,6.05,1.15,1.4,3.18,2.43,1.15,31.59,3.88,5.03,15.52,6.22,1.45,0.96,1.05,3.0,2.06,3.7153,0.106,1.1355,16.068,30.348499999999998
EPM,2015,13.9,2.66,0.79,0.85,1.06,14.64,1.34,41.98,5.49,7.68,18.81,3.06,4.26,0.79,0.41,3.61,0.99,10.5306,3.1242,1.7586,23.166,37.097199999999994
EPM,2016,15.81,2.95,0.89,0.99,1.87,14.85,1.19,42.95,5.24,5.57,19.78,2.57,1.89,1.04,0.48,4.04,0.89,11.2108,2.9188,1.8704,23.171,38.16080000000001
EPM,2017,14.95,3.65,0.95,1.02,2.33,16.96,1.19,47.31,5.44,7.31,20.87,3.22,2.84,1.12,0.71,4.42,1.4,11.5058,3.0607,2.0765,26.4375,42.1728
EPM,2018,16.31,3.63,0.99,1.05,2.42,20.83,1.58,52.49,7.19,9.39,22.04,3.29,4.81,1.27,0.74,3.8,1.63,13.3922,3.0323,2.316,30.4531,47.1417
EPM,2019,18.36,4.87,1.14,1.29,3.16,20.66,1.66,54.9,7.6,7.69,24.18,3.47,2.98,1.61,0.8,3.58,1.39,14.5182,2.8955,2.96,30.7212,49.0445
EPM,2020,19.33,4.15,1.27,1.27,3.74,24.59,3.99,63.78,12.26,9.44,27.13,4.98,3.9,1.31,1.31,3.44,1.59,16.0579,3.1232,3.2561,36.6516,57.4007
EPM,2021,24.83,5.8,1.35,1.43,3.28,25.77,4.02,67.78,14.58,9.72,28.75,4.28,3.12,1.5,1.05,4.59,1.45,18.1257,3.2188,3.5443,39.0263,61.0169
EPM,2022,31.73,7.89,1.52,2.28,4.13,29.49,4.04,75.58,14.95,12.06,30.99,4.74,3.59,1.89,1.4,5.48,2.02,19.2123,3.6933,4.2326,44.5915,67.6541
EPM,2023,37.14,7.76,1.87,3.27,3.56,27.88,3.24,77.24,15.08,14.05,31.32,3.84,4.75,2.95,1.88,5.64,1.84,21.4867,2.9771,3.8241,45.9195,70.4388
EPM,2024,39.62,9.15,2.03,3.51,4.91,31.86,2.82,83.44,15.31,12.41,34.12,5.82,2.68,3.19,2.03,5.82,2.19,22.2852,2.9427,4.3419,49.3196,76.1554
EPM,2025,38.12,10.28,2.08,3.53,5.34,32.22,4.34,87.23,17.03,12.88,36.69,6.44,4.28,3.22,2.12,5.53,2.84,24.0512,2.6658,4.1749,50.5401,80.3893
ISA,2015,5.27,2.28,0.52,0.95,1.04,10.92,1.03,28.11,4.25,3.23,11.39,2.78,1.54,0.74,0.5,1.74,0.3,4.1822,0.4062,5.0448,16.7198,22.659
ISA,2016,12.14,8.27,0.54,1.47,5.02,12.47,1.17,38.52,5.67,3.66,16.91,2.19,1.67,0.88,0.08,2.36,0.32,3.2329,0.4822,5.6977,21.6047,32.34010000000001
ISA,2017,6.95,3.99,0.56,1.02,2.34,15.69,1.53,43.41,6.42,3.11,18.42,2.9,1.6,0.68,0.92,2.27,0.86,3.2281,0.3711,6.0533,24.985,36.9856
ISA,2018,7.17,4.03,0.65,1.2,2.6,17.19,1.52,44.96,6.77,2.95,18.94,3.23,1.75,0.98,1.15,2.21,1.86,3.2172,0.2812,6.5461,26.0221,38.1327
ISA,2019,8.14,4.53,0.72,1.49,2.76,17.76,2.49,48.79,9.45,3.68,21.1,4.42,1.7,1.16,0.98,2.23,1.17,3.2125,0.229,6.8274,27.69,41.7336
ISA,2020,9.11,5.69,0.86,1.54,3.76,22.47,3.78,54.03,9.71,3.4,20.15,2.91,1.27,1.33,0.91,2.98,1.25,3.2077,0.6608,7.4522,33.8835,45.917
ISA,2021,11.12,6.09,0.9,2.1,3.2,27.94,4.69,61.7,10.67,4.97,22.13,3.69,2.87,1.05,0.7,1.63,3.04,3.2039,0.3742,9.8726,39.5652,51.4532
ISA,2022,13.36,6.76,1.01,2.38,3.68,34.17,5.37,78.73,13.72,5.36,29.55,4.04,2.08,1.92,0.59,1.83,1.0,3.2109,0.4035,12.3332,49.1835,65.9933
ISA,2023,14.17,7.07,1.06,2.42,4.3,30.99,4.07,71.22,12.41,5.31,26.37,3.87,2.48,2.16,0.75,2.05,2.5,3.2219,0.3499,9.8873,44.8508,60.9828
ISA,2024,14.93,7.87,1.03,2.26,4.93,34.31,5.92,77.0,13.54,5.62,28.27,3.56,2.49,2.02,0.58,1.58,2.06,3.2306,0.6523,10.7765,48.7273,65.5712
ISA,2025,15.92,6.84,1.08,2.51,3.91,33.79,4.47,76.13,11.72,4.59,28.31,2.55,1.75,2.25,0.81,1.71,2.33,3.2372,0.5976,9.2495,47.8233,66.2829
ISAGEN,2015,2.84,0.97,0.24,0.52,0.3,3.74,0.36,8.91,0.98,0.68,3.46,0.69,0.31,0.32,0.08,0.3,0.48,1.2829,0.0,0.0735,5.4508,8.836500000000001
ISAGEN,2016,2.75,0.61,0.24,0.4,0.14,3.68,0.4,8.3,0.96,0.47,3.59,0.2,0.28,0.43,0.11,0.13,0.0,1.2829,0.0,0.07,4.706,8.23
ISAGEN,2017,2.35,0.94,0.16,0.42,0.35,3.45,0.16,19.24,0.62,0.57,5.49,0.81,0.32,0.34,0.08,0.08,0.52,1.2683,2.6894,0.0713,13.759,16.4793
ISAGEN,2018,2.65,1.29,0.2,1.05,0.45,4.44,0.09,18.99,0.65,0.97,5.91,0.29,0.7,1.03,0.09,0.07,0.0,1.2683,2.6894,0.0761,13.0779,16.2245
ISAGEN,2019,3.18,1.67,0.23,0.98,0.5,5.52,0.14,18.86,0.73,0.44,5.49,0.78,0.17,0.94,0.1,0.05,0.9,1.2683,2.6894,0.0834,13.3698,16.0872
ISAGEN,2020,3.21,1.57,0.23,0.82,0.5,6.02,0.08,18.63,0.64,0.43,5.96,0.77,0.18,0.83,0.1,0.07,0.0,1.2683,2.6894,0.0854,12.6702,15.8552
ISAGEN,2021,3.48,2.01,0.24,0.73,0.52,7.37,0.17,21.12,0.99,0.52,5.68,1.38,0.23,0.7,0.12,2.28,0.92,1.2683,2.6894,0.0944,15.4422,18.3362
ISAGEN,2022,4.82,2.97,0.26,1.32,1.23,10.52,0.31,23.81,1.43,1.33,5.56,1.97,0.74,1.23,0.17,0.41,1.44,1.2683,2.6894,0.0661,18.2437,21.0545
ISAGEN,2023,5.52,2.9,0.28,1.87,1.04,10.42,0.2,23.58,1.25,1.21,5.43,1.39,0.75,1.78,0.46,0.37,1.03,1.2683,2.6894,0.0712,18.1497,20.819399999999998
ISAGEN,2024,6.1,2.74,0.29,1.84,0.9,10.9,0.45,24.29,1.37,1.21,5.56,1.26,0.75,1.87,0.33,0.09,0.76,1.2684,2.6894,0.0801,18.7317,21.5205
ISAGEN,2025,5.23,2.87,0.32,1.84,0.88,11.63,0.17,25.99,2.49,1.71,5.92,1.16,0.89,1.81,0.27,0.1,0.49,1.2684,2.6894,0.0967,20.0665,23.2039
